담당채널,지사,계약번호,서비스번호,상호,구역,설치주소,"활동유무(o,x)",세부 활동내역,시,군구,읍면동,"위치좌표(위도,경도)",상태,세부 활동내역.1,최종수정자,최종수정일시
SP,중앙,51073635.0,61290069.0,한성에프아이(GiGAeyes guard),G000405,서울 동대문구 답십리동 474-1번지,미접수,테스트,서울,동대문구,답십리동,"37.573819164556,127.051045342363",미접수,,관리자,2026-08-19 16:35:43
SP,중앙,51880926.0,62819299.0,와이즈만동대문센터(GiGAeyes guard),G000405,서울 동대문구 장안동 387-6번지 11층,,,서울,동대문구,장안동,"37.5720095089854,127.069271313568",,,,
SP,중앙,51683201.0,62401565.0,전농튼튼마취통증의학과(GiGAeyes i-guard),G000405,서울 동대문구 전농동 295-316번지 1층,활동중,유선상담을 통해 이번달 이내로 방문하여 할인신청서 작성 예정,서울,동대문구,전농동,"37.5772631339223,127.056937593535",활동중,,중앙-G000405,2026-08-20 13:59:07
SP,중앙,10735091.0,10735091.0,금호4가동주민센터-5층예비군동대,G000408,서울 성동구 금호동4가 803번지2층,,,서울,성동구,성동,"37.5471806538049,127.022342027374",,,,
SP,중앙,51898787.0,62857776.0,인생한우(GiGAeyes guard),G000404,서울 성동구 마장동 522-2,활동중,재계약시 월정료 20% 할인 안내드림 (고객 고민 후 피드백 주신다 하심),서울,성동구,성동,"37.5701666953807,127.038216767287",활동중,,중앙-G000404,2026-08-18 15:16:24
SP,중앙,52334162.0,63698805.0,코아즈건설(주)-행당동현장,G000404,서울 성동구 행당동 286-4 건축현장,,,서울,성동구,성동,"37.5619700322104,127.033898035753",,,,
SP,중앙,50871952.0,61044765.0,짱(OCT),G000406,서울 성북구 동선동1가 2-2번지 12층,,,서울,성북구,동선동,"37.5923880050208,127.017573409916",,,,
SP,중앙,20385480.0,20385480.0,서울누리새마을금고-동소문로본점(365기계실),G000406,서울 성북구 동소문동2가 245,,,서울,성북구,동소문동,"37.5895275844143,127.009190015623",,,,
SP,중앙,51041848.0,61249006.0,교보디티에스(OCT),G000407,서울 성북구 성북동 330-223번지,,,서울,성북구,성북동,"37.5963894438485,126.984687638181",,,,
SP,중앙,51686979.0,62409731.0,이태원무인탄광맥주서면점(GiGAeyes guard),G000403,서울 용산구 이태원동 119-7번지 4층,,,서울,용산구,이태원동,"37.5348805016267,126.99322967961",,,,
SP,중앙,50614872.0,60748073.0,청원빌딩(OCT),G000403,서울 용산구 이태원동 58-5 청원빌딩,,,서울,용산구,이태원동,"37.5340744441904,126.990324629643",,,,
SP,중앙,51050407.0,61260742.0,한남동성당(GiGAeyes guard),G000403,서울 용산구 한남동 657-40,,,서울,용산구,한남동,"37.5339376802753,127.002567844671",,,,
SP,중앙,52134632.0,63299635.0,한남아이파크,G000403,서울 용산구 한남동 828 (한남동),,,서울,용산구,한남동,"37.5324308327973,127.007232043734",,,,
SP,중앙,52138351.0,63303354.0,(주)타이거알유(계동지점),G000407,서울 종로구 계동  140-2 스포츠센터 (계동 현대빌딩계동),,,서울,종로구,계동,"37.5784118956695,126.987398579121",,,,
SP,중앙,51872360.0,62801019.0,나인트리 프리미어 호텔 인사동,G000402,서울 종로구 관훈동 155-2 나인트리 프리미어 호텔 인사동,,,서울,종로구,관훈동,"37.5745525870897,126.983795661777",,,,
SP,중앙,51524942.0,62062277.0,컬트쥬얼리(OCT),G000407,서울 종로구 낙원동 150-1 파고다빌딩 5층,,,서울,종로구,낙원동,"37.5718008087131,126.989794738486",,,,
SP,중앙,51501065.0,62010266.0,승리공예(GiGAeyes guard),G000407,서울 종로구 묘동 140 은조빌딩4층,,,서울,종로구,묘동,"37.5740740182506,126.990886596752",,,,
SP,중앙,51177183.0,61428504.0,쥬미에르(501호),G000407,서울 종로구 봉익동 29-2 제일빌딩5층,,,서울,종로구,봉익동,"37.5723126028514,126.992599170767",,,,
SP,중앙,50944224.0,61132512.0,(SG)골드피쉬1(OCT),G000407,서울 종로구 연지동 59번지 준성빌딩 7층(구.케이에스쥬얼리),,,서울,종로구,연지동,"37.5740074141603,126.998320656635",,,,
SP,중앙,51324302.0,61648212.0,유디임팩트(GiGAeyes guard),G000407,서울 종로구 와룡동 109-1,,,서울,종로구,와룡동,"37.576394328427,126.990615301083",,,,
SP,중앙,50941772.0,61129720.0,(SG)좋은느낌3층,G000407,서울 종로구 원남동 273번지 세용빌딩 3층,,,서울,종로구,원남동,"37.5742983129161,126.996762086613",,,,
SP,중앙,51517465.0,62044996.0,루시아(OCT),G000407,서울 종로구 원남동 66-1 반석빌딩3층,,,서울,종로구,원남동,"37.5751814179945,126.999001208014",,,,
SP,중앙,51215147.0,61483826.0,엔불(GiGAeyes guard),G000407,서울 종로구 원남동 66-1반석빌딩4층,,,서울,종로구,원남동,"37.5751814179945,126.999001208014",,,,
SP,중앙,51203403.0,61466709.0,주얼리창조-3층(GiGAeyes guard),G000407,서울 종로구 인의동 62-1번지 34층,,,서울,종로구,인의동,"37.5737009625962,126.997118469149",,,,
SP,중앙,52134852.0,63299855.0,장안악세사리상가,G000401,서울 중구 남창동  60-12 장안상가 (남창동),활동중,,서울,중구,남창동,"37.558296815466,126.976766888379",활동중,,중앙-G000401,2026-08-20 13:28:30
SP,중앙,50733057.0,60882249.0,연세봉래빌딩,G000401,서울 중구 봉래동1가 5-41번지 연세봉래빌딩,방문상담,견적서제출,서울,중구,봉래동,"37.5594905208279,126.973240864029",방문상담,,중앙-G000401,2026-08-21 14:33:02
SP,중앙,51387119.0,61773068.0,한화호텔앤드리조트,G000401,서울 중구 서소문동 12-1번지 서소문한화빌딩,재계약거부,한화재단은 매년 연초에 1년씩 재계약을 하고있습니다. 한화쪽서류제출,서울,중구,서소문동,"37.5642923921623,126.976234067572",재계약거부,,중앙-G000401,2026-08-21 14:33:49
SP,중앙,50677909.0,60820064.0,서울신당초등학교_확장4(행정교무실)(OCT),G000404,서울 중구 신당동 161 신당초등학교,,,서울,중구,신당동,"37.5641285989768,127.022812171047",,,,
SP,중앙,51656611.0,62344142.0,에이치109(GiGAeyes i-guard),G000404,서울 중구 신당동 398-2번지 4층,,,서울,중구,신당동,"37.5614596090291,127.010421500674",,,,
SP,중앙,51724516.0,62488805.0,티앤피디자인컴퍼니2층(GiGAeyes i-guard),G000404,서울 중구 신당동 62-33,,,서울,중구,신당동,"37.5617513423726,127.020215822942",,,,
SP,중앙,51872359.0,62801018.0,나인트리호텔동대문(GiGAeyes patrol),G000402,서울 중구 을지로5가 92-2 나인트리호텔 동대문,,,서울,중구,,"37.5666140024765,127.002907857545",,,,
SP,중앙,51603927.0,62228795.0,남산2F연습실(GiGAeyes guard),G000408,서울 중구 장충동 201-6,,,서울,중구,장충동,"37.5514171635849,127.002521592992",,,,
SP,중앙,51871601.0,62799427.0,서울백병원_구역분리(GiGAeyes i-guard premium),G000402,서울 중구 저동2가 85 백병원 본관하연관,,,서울,중구,저동,"37.5649709057447,126.988848854621",,,,
SP,중앙,52065661.0,63210634.0,나인트리바이파르나스서울Ⅱ(GiGAeyes patrol),G000402,서울 중구 초동 72-10 나인트리 바이 파르나스 서울Ⅱ,,,서울,중구,초동,"37.5643461525469,126.99092434126",,,,
SP,중앙,51872356.0,62801014.0,나인트리호텔명동(GiGAeyes patrol),G000402,서울 중구 충무로2가 63-2 나인트리 호텔 명동,,,서울,중구,명동,"37.5615886250724,126.986025451697",,,,
SP,의정부,50381502.0,60467530.0,동두천고용복지센터(OCT),G000504,경기 동두천시 생연동 369-8번지 3층,,,경기,동두천시,생연동,"37.8988027165728,127.059069031705",,,,
SP,의정부,51508632.0,62026167.0,다이소광적점(OCT),G000502,경기 양주시 가납리 가납리 842-3번지 1층,,,경기,양주시,,"37.8245949086173,126.98179364837",,,,
SP,의정부,51213459.0,61481171.0,한국가스산업(뷰N),G000502,경기 양주시 광적면 비암리 693,,,경기,양주시,광적면,"37.808499950623,126.921082099435",,,,
SP,의정부,51501080.0,62010299.0,에스비글로벌헬스케어2공장(OCT),G000504,경기 양주시 봉양동 570-7 칠봉산로286번길 4,방문상담,"리텐션 제안 , 검토 후 연락 주시겠다고 함/고객 이승현님",경기,양주시,봉양동,"37.8589181647261,127.073388474217",방문상담,,의정부-G000504,2026-08-21 11:02:35
SP,의정부,51295145.0,61596459.0,경기교통공사3층(OCT),G000503,경기 양주시 옥정동 963-1 한길프라자2(3층 301호-306호),방문상담,"리텐션 안내, 검토 후 연락 주시기로 함/담당자 양순호",경기,양주시,옥정동,"37.8221346903816,127.092754791963",방문상담,,의정부-G000503,2026-08-21 10:58:10
SP,의정부,51558291.0,62129592.0,타이바컴퍼니(GiGAeyes guard),G000504,경기 연천군 간파리 310-1,,,경기,연천군,,"37.9420820240371,127.004495600477",,,,
SP,의정부,51424066.0,61849174.0,황금농장(giga-뷰),G000504,경기 연천군 백학면전동리 장백로683번길 256,,,경기,연천군,백학면전동,"38.0171416903204,126.891072208216",,,,
SP,의정부,50650116.0,60788181.0,열쇠아파트(하이파이브)(OCT뷰N),G000504,경기 연천군 신서면 도신리190-1 다동102호,방문상담,재계약상담 진행중,경기,연천군,신서면,"38.1768197336645,127.100215860265",방문상담,,의정부-G000504,2026-08-20 13:28:59
SP,의정부,50910332.0,61092265.0,연천경순왕릉-All-lOT(연천군청),G000504,경기 연천군 장남면 고랑포리 산18-2번지,,,경기,연천군,장남면,"37.991193899525,126.842430340903",,,,
SP,의정부,50639148.0,60775631.0,한아름아파트(OCT뷰N),G000504,경기 연천군 전곡읍 은대리649-9,활동중,재계약상담 진행중,경기,연천군,전곡읍,"38.0318035313656,127.058952996563",활동중,,의정부-G000504,2026-08-20 13:29:25
SP,의정부,51024706.0,61224865.0,원불교창필재단은혜마을(oct-뷰),G000504,경기 연천군 전곡읍 은대리90,,,경기,연천군,전곡읍,"38.048588210392,127.076841009145",,,,
SP,의정부,51869644.0,62795441.0,리뉴어스(GiGAeyes guard),G000504,경기 연천군 전곡읍간파리 간파리 388-1,재계약거부,현장종료 폐업해지,경기,연천군,전곡읍,"37.9345406021875,127.01235450019",재계약거부,,의정부-G000504,2026-08-19 08:26:08
SP,의정부,51021359.0,61220222.0,5사단 해오름아파트(oct-뷰),G000504,경기 연천군 청산면 백의리 822-12,활동중,졔계약 상담,경기,연천군,청산면,"38.0239038221486,127.136113445369",활동중,,의정부-G000504,2026-08-20 13:32:33
SP,의정부,50381510.0,60467542.0,의정부요양병원(OCT),G000503,경기 의정부시 녹양동 321-3,활동중,8.20일 활동진행,경기,의정부시,녹양동,"37.7573921668293,127.022491340169",활동중,,관리자,2026-08-20 17:58:16
SP,의정부,50527129.0,60648700.0,삼주국민마트(OCT),G000501,경기 의정부시 신곡동 719-2 백상프라자지하,,,경기,의정부시,신곡동,"37.7310451181833,127.055697259277",,,,
SP,의정부,52147446.0,63312449.0,에버리치,G000501,경기 의정부시 의정부동  20-12 관리사무소 (의정부동 에버리치),,,경기,의정부시,의정부동,"37.7439274797224,127.053300544165",,,,
SP,의정부,51283178.0,61579321.0,서울신세계안과의원(OCT),G000501,경기 의정부시 의정부동 175-10 나이키빌딩 5층11층,,,경기,의정부시,의정부동,"37.7387148032002,127.048354847662",,,,
SP,의정부,51088477.0,61308888.0,365식자재할인마트(OCT),G000501,경기 의정부시 의정부동 414-24번지,,,경기,의정부시,의정부동,"37.7457342778638,127.042189664872",,,,
SP,의정부,52045297.0,63169023.0,삼천리이에스(GiGAeyes guard),G000501,경기 의정부시 장암동 153 도봉차량기지내 현장,,,경기,의정부시,장암동,"37.7002324904701,127.051699429912",,,,
SP,의정부,51461186.0,61929013.0,형제상가(GiGAeyes i-guard premium),G000501,경기 의정부시 호원동 312-11,,,경기,의정부시,호원동,"37.7236355635552,127.045549818027",,,,
SP,의정부,51100941.0,61324765.0,삼광섬유주식회사-뷰N,G000505,경기 포천시 가산면 마산리 280-1,활동중,,경기,포천시,가산면,"37.8393197148011,127.182364328435",활동중,,의정부-G000505,2026-08-10 20:10:05
SP,의정부,51213561.0,61481341.0,동양특장-뷰N,G000506,경기 포천시 내촌면 소학리 211-16,,,경기,포천시,내촌면,"37.8094472703301,127.252931785665",,,,
SP,의정부,51895240.0,62850292.0,프롬비(주),G000505,경기 포천시 소흘읍 고모리 784-2,활동중,11월에 약정만료로 11월 재약정 예정,경기,포천시,소흘읍,"37.8055917683583,127.157537853923",활동중,,의정부-G000505,2026-08-10 20:15:54
SP,의정부,51525464.0,62063431.0,제이푸드원(GiGAeyes guard),G000505,경기 포천시 소흘읍 무봉리 359-8,활동중,,경기,포천시,소흘읍,"37.7945262023017,127.129819505869",활동중,,의정부-G000505,2026-08-10 20:06:01
SP,의정부,51079620.0,61297636.0,(주)꼬뮨파이브지점 드림무인텔,G000505,경기 포천시 소흘읍 이곡리36-2,활동중,,경기,포천시,소흘읍,"37.7740916337955,127.157686879231",활동중,,의정부-G000505,2026-08-10 20:06:36
SP,의정부,51069018.0,61283817.0,태진테크(OCT),G000505,경기 포천시 소흘읍 이동교리 호국로 287번길9-31,활동중,,경기,포천시,소흘읍,"37.8000645842337,127.126086058195",활동중,,의정부-G000505,2026-08-10 20:06:58
SP,의정부,52135556.0,63300559.0,와이브루어리,G000505,경기 포천시 소흘읍 초가팔리 156-52,활동중,,경기,포천시,소흘읍,"37.8132304996843,127.152083969365",활동중,,의정부-G000505,2026-08-10 20:09:12
SP,의정부,51160949.0,61404671.0,포천발전소,G000506,경기 포천시 영중면 양문리 982-1,방문상담,"사무실 카메라 1대 화각 조정 요청하시고, 다음 사업장이나 신규로 카메라 필요하면 연락달라고 이용희 과장에게 명함 전달 후 퇴장함. BSS상에 뜨지 않는 고객 리텐션활동과 계약사항은 조충현 대리에게 확인 후 활동할 것",경기,포천시,영중면,"38.0073362073159,127.260464521842",방문상담,,의정부-G000506,2026-08-21 14:26:22
SP,의정부,51468886.0,61944177.0,선일이엠씨(OCT),G000506,경기 포천시 일동면 유동리 480-3,방문상담,방문상담,경기,포천시,일동면,"37.9211989609311,127.304238433059",방문상담,,관리자,2026-08-21 14:29:21
SP,원주,51700677.0,62439301.0,엘케이스톤정상공장(GiGAeyes guard),P000201,강원 원주시 귀래면 귀래리 176-1,,,강원,원주시,귀래면,"37.2162723847792,127.89544341638",,,,
SP,원주,51036910.0,61241887.0,더키움(GiGAeyes guard),P000201,강원 원주시 무실동 1724-14,,,강원,원주시,무실동,"37.3414952122281,127.923077572864",,,,
SP,원주,50464778.0,60571389.0,심로악기2공장(NVR뷰_메인),P000201,강원 원주시 문막읍 궁촌리 1512-1,,,강원,원주시,문막읍,"37.2825430540844,127.831725937683",,,,
SP,원주,51146066.0,61384676.0,이오스하이텍1층(OCT),P000201,강원 원주시 문막읍 반계리 101 이오스하이텍,,,강원,원주시,문막읍,"37.2993214401438,127.796144042304",,,,
SP,원주,50804679.0,60965588.0,(주)더조은메디컬,P000202,강원 원주시 반곡동 양지로 4 더조은메디컬,방문상담,,강원,원주시,반곡동,"37.3254075943191,127.978855977079",방문상담,,원주-P000202,2026-08-18 11:07:16
SP,원주,20458529.0,20458529.0,세인블루노림리(OCT),P000201,강원 원주시 부론면 노림리 881-2,,,강원,원주시,부론면,"37.2533216042931,127.773173235709",,,,
SP,원주,51881080.0,62819592.0,남한강에스파크컨트리클럽,P000201,강원 원주시 부론면 법천리 75-1 장뜰길 154,,,강원,원주시,부론면,"37.2095913272901,127.780362588891",,,,
SP,원주,51513850.0,62037420.0,다림바이오텍A동(GiGAeyes guard),P000201,강원 원주시 지정면 신평리 1066 (주)다림바이오텍_A동,,,강원,원주시,지정면,"37.3761661502515,127.887010323969",,,,
SP,원주,51513857.0,62037438.0,다림바이오텍B동(GiGAeyes guard),P000201,강원 원주시 지정면 신평리 1066 (주)다림바이오텍_B동,,,강원,원주시,지정면,"37.3761661502515,127.887010323969",,,,
SP,원주,51328762.0,61657540.0,소금산막국수,P000201,강원 원주시 지정면 월송리 992번지 (1동 1층),,,강원,원주시,지정면,"37.4118274643511,127.836253792859",,,,
SP,원주,50893324.0,61071076.0,현대메디텍(OCT),P000201,강원 원주시 지정면 청정로 80,,,강원,원주시,지정면,"37.3845665738026,127.888715681002",,,,
SP,원주,51715821.0,62470258.0,디엔비소프트(OCT),P000201,강원 원주시 지정면가곡리 1348-2 퀸즈파크 7층,,,강원,원주시,지정면,"37.3745116392349,127.874453808019",,,,
SP,원주,51891153.0,62841294.0,송곡대학교(카페승마장)(GiGAeyes guard),P000207,강원 춘천시 남산면 창촌리 1 송곡대학교 카페 승마장,,,강원,춘천시,남산면,"37.7919089219496,127.65258257282",,,,
SP,원주,50266126.0,60326931.0,케이디티(OCT),P000207,강원 춘천시 남산면 창촌리638,,,강원,춘천시,남산면,"37.7680300300647,127.62537793875",,,,
SP,원주,51321357.0,61642467.0,샛별어린이집(OCT),P000206,강원 춘천시 동면 장학리 220-34,,,강원,춘천시,동면,"37.8943019337529,127.761372524561",,,,
SP,원주,10876615.0,10876615.0,춘천삼육초등학교-교무실(OCT),P000206,강원 춘천시 동면 장학리 568-1,,,강원,춘천시,동면,"37.9110318821307,127.75359657481",,,,
SP,원주,20486899.0,20486899.0,농협은행-춘천농협애막골지점(영업장),P000206,강원 춘천시 석사동 725-4,,,강원,춘천시,석사동,"37.8669827826818,127.755897719641",,,,
SP,원주,20403531.0,20403531.0,농협은행-춘천농협석사무릉지점(영업장),P000207,강원 춘천시 석사동 799-2 선타워빌딩 1층 101호~104호,,,강원,춘천시,석사동,"37.8571525384972,127.739339511265",,,,
SP,원주,51282367.0,61577987.0,2급양대급식유통센터,P000207,강원 춘천시 신동면 증리 800-3번지,,,강원,춘천시,신동면,"37.8301320045841,127.718651323993",,,,
SP,원주,51564502.0,62142395.0,남춘천초등학교-체육관,P000207,강원 춘천시 온의동 550 남춘천초교 남춘천초등학교,,,강원,춘천시,온의동,"37.861032674133,127.722063900637",,,,
SP,원주,51527778.0,62068360.0,KBS춘천방송총국,P000207,강원 춘천시 온의동 581 KBS춘천방송총국 .,,,강원,춘천시,온의동,"37.8681693316073,127.721988640738",,,,
SP,원주,51154505.0,61395985.0,제2218부대(두미르레스텔201동),P000206,강원 춘천시 우두동 687-5 (두미르레스텔 201동),,,강원,춘천시,우두동,"37.9026949746327,127.730493071042",,,,
SP,원주,51145298.0,61383650.0,춘천농협-신사우동지점(주유소)(OCT),P000206,강원 춘천시 우두동 761-18,,,강원,춘천시,우두동,"37.9043334051043,127.727233248777",,,,
SP,원주,557474.0,557474.0,농협은행-춘천농협동부지점(영업장),P000206,강원 춘천시 운교동 182-4 (금융창구매장),,,강원,춘천시,운교동,"37.8768148002136,127.734290439133",,,,
SP,원주,51898062.0,62856357.0,명부정사(GiGAeyes guard),P000207,강원 춘천시 원창리 원창리 213-23번지 사찰 전 부지,재계약,재계약완료,강원,춘천시,,"37.814954515193,127.772071173266",재계약,,원주-P000207,2026-08-20 18:11:56
SP,원주,51357367.0,61710921.0,(사)춘천상업경영인연합회(OCT),P000206,강원 춘천시 죽림동 19-2,,,강원,춘천시,죽림동,"37.8778473791624,127.727057885495",,,,
SP,원주,50972670.0,61162226.0,춘천중앙성결교회(OCT),P000206,강원 춘천시 죽림동 86-7,,,강원,춘천시,죽림동,"37.8767140471791,127.725211236466",,,,
SP,원주,237443.0,237443.0,농협은행-춘천농협퇴계지점(금고),P000207,강원 춘천시 퇴계동 903-6,,,강원,춘천시,퇴계동,"37.8589467441379,127.7245716697",,,,
SP,원주,51503116.0,62014327.0,압타머사이언스씨알오(CRO)센터,P000206,강원 춘천시 후평동 198-53 벤처타운 3동,,,강원,춘천시,후평동,"37.8923919301037,127.743878480452",,,,
SP,원주,20249211.0,20249211.0,춘천농협후석로지점(영업장),P000206,강원 춘천시 후평동 555-3 1층,,,강원,춘천시,후평동,"37.8864826689049,127.745528368266",,,,
SP,원주,51388995.0,61778069.0,남양약품,P000206,강원 춘천시 후평동 745-27 1층,,,강원,춘천시,후평동,"37.8881235929128,127.754033266883",,,,
SP,원주,52171696.0,63352179.0,해덕수산,P000202,강원 평창군 대관령면 유천리 1-9,방문상담,,강원,평창군,대관령면,"37.6869782604358,128.66536200889",방문상담,,원주-P000202,2026-08-18 11:07:54
SP,원주,52136835.0,63301838.0,더화이트뷰,P000202,강원 평창군 봉평면 무이리 704-1,방문상담,,강원,평창군,봉평면,"37.5856803599653,128.3253128527",방문상담,,원주-P000202,2026-08-18 11:08:35
SP,원주,20390982.0,20390982.0,성대자동차해체재활용산업,P000208,강원 홍천군 북방면 상화계리 227,,,강원,홍천군,북방면,"37.7098394237821,127.849323759157",,,,
SP,원주,51711672.0,62461893.0,대성타운,P000206,강원 화천군 상서면 산양리 738-73 대성타운 1층,,,강원,화천군,상서면,"38.2066470879569,127.662123127819",,,,
SP,원주,52133666.0,63298669.0,화천군청,P000206,강원 화천군 화천읍 아리 239 (화천군청),,,강원,화천군,화천읍,"38.1060774614045,127.708118329905",,,,
SP,원주,51909424.0,62880799.0,(주)한라에프에스디(GiGAeyes guard),P000202,강원 횡성군 우천면 수남로 166 한라에프에스디,방문상담,,강원,횡성군,우천면,"37.4604724209512,128.047480296255",방문상담,,원주-P000202,2026-08-18 11:08:39
SP,원주,50591785.0,60721279.0,의료법인선덕의료재단,P000202,강원 횡성군 횡성읍 입석리 153-10,방문상담,,강원,횡성군,횡성읍,"37.4784322143934,127.980004953309",방문상담,,원주-P000202,2026-08-18 11:08:49
SP,원주,51663266.0,62358619.0,IC-가평랜드오토캠핑장(무인캠핑장)(GiGAeyes i-care),P000209,경기 가평군 마일리 마일리 4-3번지 가평랜드,,,경기,가평군,,"37.8265971663435,127.406399167764",,,,
SP,원주,51879989.0,62817140.0,이옥일,P000209,경기 가평군 상면 봉수리 272-7번지 관음사,,,경기,가평군,상면,"37.8637933573298,127.298874828729",,,,
SP,원주,52139187.0,63304190.0,더블에이치원 주식회사,P000209,경기 가평군 설악면 사룡리 587-5 (설악사룡 더블에이치원),,,경기,가평군,설악면,"37.6937579342374,127.484528330366",,,,
SP,원주,50127198.0,60152244.0,대길통상(OCT),P000209,경기 가평군 설악면 사룡리777,,,경기,가평군,설악면,"37.698167879721,127.480504509515",,,,
SP,원주,50703522.0,60848489.0,청심국제중고등학교(출입통제),P000209,경기 가평군 설악면 송산리 산 102,,,경기,가평군,설악면,"37.6870491032638,127.540451273332",,,,
SP,원주,51474742.0,61956491.0,창조레저개발(제천스테리움),P000203,충북 제천시 백운면 운학리  105-10  제천스테리움캠핑장,,,충북,제천시,백운면,"37.2041632817142,128.009366614339",,,,
SP,원주,20061837.0,20061837.0,제천여자고등학교,P000203,충북 제천시 서부동 740,,,충북,제천시,서부동,"37.1360068425404,128.204561858997",,,,
SP,원주,20332942.0,20332942.0,제천세명고등학교-본관(OCT),P000203,충북 제천시 신월동 566번지,,,충북,제천시,신월동,"37.1828042433007,128.19797007806",,,,
SP,서대문,51182487.0,61436301.0,노고산동마포구시설관리공단-지하층(텔레캅 큐브),G000203,서울 마포구 노고산동 1-50 우리마포복지관,,,서울,마포구,노고산동,"37.5558510835584,126.94218768322",,,,
SP,서대문,51182484.0,61436297.0,노고산동마포구시설관리공단-지상층(GiGAeyes guard),G000203,서울 마포구 노고산동 1-50 우리마포복지관,,,서울,마포구,노고산동,"37.5558510835584,126.94218768322",,,,
SP,서대문,51873440.0,62802886.0,호텔루(GiGAeyes i-guard),G000203,서울 마포구 동교동 166-1 ,,,서울,마포구,동교동,"37.5574996201349,126.925154486714",,,,
SP,서대문,51733607.0,62502926.0,엠83(GiGAeyes guard),G000203,서울 마포구 동교동 166-14 동교동 스타피카소 와이즈파크 빌딩 4층,,,서울,마포구,동교동,"37.5571922183478,126.924758225569",,,,
SP,서대문,51709035.0,62456484.0,올히어(GiGAeyes 24_무인pc방),G000203,서울 마포구 동교동 173-14 1층,,,서울,마포구,동교동,"37.5583725688492,126.92625653082",,,,
SP,서대문,51824908.0,62697101.0,케이타이거즈그룹(GiGAeyes guard),G000205,서울 마포구 상수동 71-16 (전층),방문상담,,서울,마포구,상수동,"37.5490821298492,126.924292901607",방문상담,,서대문-G000205,2026-08-20 13:28:53
SP,서대문,51563892.0,62141113.0,케이티스카이라이프(화재-출입통제),G000202,서울 마포구 상암동 1610번지 8층,,,서울,마포구,상암동,"37.5784544591109,126.892916405925",,,,
SP,서대문,50754486.0,60907034.0,스카이(sky)어린이집(OCT),G000202,서울 마포구 상암동 1610번지 DDMC빌딩3층,,,서울,마포구,상암동,"37.5784544591109,126.892916405925",,,,
SP,서대문,51189407.0,61446485.0,제이엔케이글로벌(주),G000202,서울 마포구 상암동 481-6 (상암스테이션 충전소),,,서울,마포구,상암동,"37.5709369195826,126.878838817515",,,,
SP,서대문,51535918.0,62085534.0,케이비에스미디어주식회사,G000202,서울 마포구 상암동 서울 마포구 매봉산로 45 KBS미디어센터,,,서울,마포구,상암동,"37.5765125877795,126.890992094988",,,,
SP,서대문,51490526.0,61989937.0,재단법인박정희대통령기념재단-확장,G000202,서울 마포구 상암동 서울 마포구 월드컵로 386 박정희 대통령 기념도서관,,,서울,마포구,상암동,"37.5749463012542,126.886126204684",,,,
SP,서대문,51885444.0,62828655.0,유에이치에스-만리점(GiGAeyes i-guard),G000205,서울 마포구 서교동 2 10층 건물,방문상담,,서울,마포구,서교동,"37.5577542791243,126.910097980443",방문상담,,서대문-G000205,2026-08-20 13:28:15
SP,서대문,50807682.0,60969003.0,한국YMCA전국연맹-4층(OCT),G000205,서울 마포구 서교동 376-11,방문상담,,서울,마포구,서교동,"37.5538513733862,126.917166005189",방문상담,,서대문-G000205,2026-08-20 13:28:51
SP,서대문,51731235.0,62498334.0,어스얼리언스(GiGAeyes i-guard),G000205,서울 마포구 서교동 395-163,방문상담,,서울,마포구,서교동,"37.5509551313842,126.917833158635",방문상담,,서대문-G000205,2026-08-20 13:29:09
SP,서대문,51440893.0,61884762.0,위비앙병원(GiGAeyes i-guard premium),G000204,서울 마포구 아현동 346-5번지,,,서울,마포구,아현동,"37.5569248730364,126.952442598457",,,,
SP,서대문,51806653.0,62658142.0,라센트라(연남)(GiGAeyes guard),G000202,서울 마포구 연남동 서울 마포구 연남로 76 라센트라 연남관리실,,,서울,마포구,연남동,"37.5658756338541,126.919259481347",,,,
SP,서대문,51718915.0,62476756.0,신촌감리교회,G000203,서울 마포구 염리동 518 신촌교회,,,서울,마포구,염리동,"37.5499678130219,126.947335579564",,,,
SP,서대문,51299344.0,61602334.0,오원빌딩,G000203,서울 마포구 염리동 백범로123,,,서울,마포구,염리동,"37.5468204326392,126.944939021788",,,,
SP,서대문,51054266.0,61265721.0,절두산순교성지,G000205,서울 마포구 합정동 96-1번지,방문상담,,서울,마포구,합정동,"37.5441233225731,126.912096056128",방문상담,,서대문-G000205,2026-08-20 13:28:35
SP,서대문,51884526.0,62826884.0,와우빌리지(GiGAeyes guard),G000203,서울 서대문구 신촌동 1층2층3층,,,서울,서대문구,신촌동,"37.5651616940517,126.93927687604",,,,
SP,서대문,51509278.0,62027555.0,영천시장상인회,G000204,서울 서대문구 영천동 294 2층,,,서울,서대문구,영천동,"37.5709084343633,126.961077298416",,,,
SP,서대문,51478371.0,61964249.0,더건강한패밀리(GiGAeyes guard),G000203,서울 서대문구 창천동 31-39번지 2층,,,서울,서대문구,창천동,"37.5575669256257,126.936707820448",,,,
SP,서대문,50619227.0,60753002.0,사조산업(주),G000204,서울 서대문구 충정로2가 157번지,,,서울,서대문구,,"37.5642529741046,126.966091988099",,,,
SP,서대문,51302965.0,61607351.0,한국공인회계사회,G000204,서울 서대문구 충정로2가 185-10 1층,,,서울,서대문구,,"37.563715423753,126.96391057429",,,,
SP,서대문,51175174.0,61425371.0,서대문형무소-CCTV(전체부지),G000204,서울 서대문구 현저동 101 서대문형무소역사관,,,서울,서대문구,현저동,"37.5744817235807,126.956039075033",,,,
SP,서대문,51894037.0,62847705.0,현대교통(OCT),G000201,서울 서대문구 홍은동 405-1 전층,,,서울,서대문구,홍은동,"37.5780885287126,126.929830300067",,,,
SP,서대문,50058275.0,60072082.0,구립서대문노인요양센터,G000201,서울 서대문구 홍은동 4번지 전층,,,서울,서대문구,홍은동,"37.5980752441899,126.956123714675",,,,
SP,서대문,51528065.0,62069090.0,오아시스-반포점(GiGAeyes guard),H000105,서울 서초구 반포동 32-2번지 동화반포프라자 지하1층1호,,,서울,서초구,반포동,"37.5022530465572,127.011987520765",,,,
SP,서대문,51533169.0,62079484.0,구산탑정형외과의원(GiGAeyes guard),G000201,서울 은평구 역촌동 1-1번지 501호,,,서울,은평구,역촌동,"37.6108508522187,126.91746706316",,,,
SP,서대문,51871517.0,62799268.0,응암샛별어린이집(GiGAeyes guard),G000201,서울 은평구 응암동 769 녹번역e편한세상캐슬 124동앞,활동중,,서울,은평구,응암동,"37.5992189656793,126.930904468222",활동중,,서대문-G000201,2026-08-20 17:03:15
SP,서대문,51093642.0,61315440.0,로뎀글로리채플홀,G000201,서울 종로구 평창동 ,,,서울,종로구,평창동,"37.6063916960375,126.968357810931",,,,
SP,서대문,51479933.0,61967536.0,인크루트(GiGAeyes guard),G000204,서울 중구 중림동 128-104 345층,활동중,"2년 25%재계약 제안, 진행중",서울,중구,중림동,"37.5576907014553,126.968540711435",활동중,,관리자,2026-08-14 13:50:52
SP,남양주,50694094.0,60837791.0,갈매사회복지관(OCT),G000603,경기 구리시 갈매동 67  LH1단지 101동 1층,,,경기,구리시,갈매동,"37.6320515834268,127.121106374803",,,,
SP,남양주,52140525.0,63305528.0,블리스에버뉴,G000603,경기 구리시 교문동 733-2 1층 (교문동 성신빌딩),,,경기,구리시,교문동,"37.5976933816429,127.135617278019",,,,
SP,남양주,51304549.0,61609780.0,구리시발달장애인평생교육센타,G000603,경기 구리시 교문동 754-7,,,경기,구리시,교문동,"37.5936850534636,127.131880395718",,,,
SP,남양주,51681541.0,62398107.0,호박나이트(GiGAeyes guard),G000603,경기 구리시 수택동 424-21 지1층,,,경기,구리시,수택동,"37.5978729580335,127.142790520162",,,,
SP,남양주,51735710.0,62507294.0,고구려대장간마을(GiGAeyes guard),G000603,경기 구리시 아천동 316-41,,,경기,구리시,아천동,"37.5617197370336,127.111561144015",,,,
SP,남양주,51478762.0,61965040.0,동구동행정복지센타(GiGAeyes guard),G000603,경기 구리시 인창동 430 구리유통종합상가 별관1층(인창동),,,경기,구리시,인창동,"37.6127239272919,127.140872424211",,,,
SP,남양주,51531450.0,62075793.0,구리시반려동물지원센타(GiGAeyes guard),G000603,경기 구리시 인창동 430번지 축산동 2층,,,경기,구리시,인창동,"37.6127239272919,127.140872424211",,,,
SP,남양주,51312636.0,61625609.0,인창문화센터,G000603,경기 구리시 인창동 527-37 인창문화센터,,,경기,구리시,인창동,"37.6065366766855,127.133093912903",,,,
SP,남양주,51172479.0,61421317.0,인창도서관-지하다목적실,G000603,경기 구리시 인창동 674-4,,,경기,구리시,인창동,"37.6050922026873,127.145760555772",,,,
SP,남양주,51312055.0,61624479.0,구리시양묘장(GiGAeyes guard),G000603,경기 구리시 토평동 431-5번지 or 431-3,,,경기,구리시,토평동,"37.5830770078662,127.150444917356",,,,
SP,남양주,51174143.0,61423767.0,토평빗물펌프장_전면건물,G000603,경기 구리시 토평동 480-3,,,경기,구리시,토평동,"37.5772472933658,127.144767667713",,,,
SP,남양주,51169952.0,61417565.0,토평도서관,G000603,경기 구리시 토평동 956,,,경기,구리시,토평동,"37.5863268701344,127.145572468486",,,,
SP,남양주,51505906.0,62020350.0,시립다산사랑어린이집(GiGAeyes guard),G000605,경기 남양주시 다산1동 경기 남양주시 다산중앙로123번길 47  (메트로아파트 3단지내),,,경기,남양주시,,"37.622901216945,127.147575444675",,,,
SP,남양주,51513727.0,62037135.0,한빛케이블(GiGAeyes guard),G000602,경기 남양주시 별내면 청학리 512번지 한빛케이블,,,경기,남양주시,별내면,"37.7068548374455,127.117045343316",,,,
SP,남양주,51513727.0,62037134.0,한빛케이블(GiGAeyes guard),G000602,경기 남양주시 별내면 청학리 512번지 한빛케이블,,,경기,남양주시,별내면,"37.7068548374455,127.117045343316",,,,
SP,남양주,51881633.0,62820791.0,태영식품(GiGAeyes guard),G000601,경기 남양주시 수동면 송천리 418-9,,,경기,남양주시,수동면,"37.6890226479488,127.326860728819",,,,
SP,남양주,52147610.0,63312613.0,레이크호텔,G000602,경기 남양주시 오남읍 오남리 33-5 (오남오남 호텔레이크),,,경기,남양주시,오남읍,"37.6934470126229,127.221664990475",,,,
SP,남양주,50948564.0,61137726.0,현대병원주차장-뷰,G000602,경기 남양주시 진접읍 장현리 663,,,경기,남양주시,진접읍,"37.7155227716979,127.179730900178",,,,
SP,남양주,51876641.0,62809768.0,진흥공업(얼굴인식기)(GiGAeyes Basic),G000601,경기 남양주시 화도읍 답내리 229번지(얼굴인식기),,,경기,남양주시,화도읍,"37.6599933287236,127.347466253489",,,,
SP,남양주,51276322.0,61569262.0,모란공원(GiGAeyes guard),G000601,경기 남양주시 화도읍 월산리 606-1 사무실,,,경기,남양주시,화도읍,"37.6478304521182,127.32058808022",,,,
SP,남양주,51905644.0,62872533.0,(주)케이아이엔엑스(2층좌측방),G000604,경기 양평군 서종면 도장리 124-29번지 단독주택,,,경기,양평군,서종면,"37.6043406684584,127.38822951868",,,,
SP,남양주,51343285.0,61682583.0,서종메탈하우스(GiGAeyes guard),G000604,경기 양평군 서종면 문호리 790-11번지,,,경기,양평군,서종면,"37.6038760647019,127.349290950211",,,,
SP,남양주,51171431.0,61419782.0,황순원기념사업회OCT),G000604,경기 양평군 서종면 수능리 산74,,,경기,양평군,서종면,"37.5934284628143,127.37748253325",,,,
SP,남양주,51673789.0,62381190.0,위드알유한책임회사,G000604,경기 양평군 서종면수입리 339-7,,,경기,양평군,서종면,"37.6381280549755,127.394688879486",,,,
SP,남양주,51543692.0,62100110.0,양수삼성요양병원(GiGAeyes guard),G000604,경기 양평군 양수리 651-7,,,경기,양평군,,"37.5442013309596,127.319401377682",,,,
SP,남양주,51503586.0,62015341.0,양평군교통약자이동지원(GiGAeyes patrol),G000604,경기 양평군 용문면 다문리 1055번지  용문터미널,,,경기,양평군,용문면,"37.4887031248563,127.599669466995",,,,
SP,남양주,51666508.0,62365592.0,용연네이처힐링팜,G000604,경기 양평군 용문면 화전리  476-3번지,,,경기,양평군,용문면,"37.4605646158575,127.619702106",,,,
SP,고양,50499530.0,60616217.0,마이보성(OCT),G000302,경기 고양시 덕양구 덕은동 9-153,재계약거부,사업장 이전 계획으로 재계약 거부,경기,고양시,덕은동,"37.5969170887703,126.8796732644",재계약거부,,고양-G000302,2026-08-21 11:24:34
SP,고양,51494196.0,61997731.0,고양벽제현대서비스(OCT),G000301,경기 고양시 덕양구 벽제동 441-1번지,,,경기,고양시,벽제동,"37.7211618168312,126.898067800983",,,,
SP,고양,51522046.0,62056216.0,우리핌마트(GiGAeyes guard),G000301,경기 고양시 덕양구 벽제동 509-7 1층 임가네한우마을,,,경기,고양시,벽제동,"37.7216269162626,126.905778634538",,,,
SP,고양,51869806.0,62795815.0,(주)신호등장작구이(GiGAeyes guard),G000302,경기 고양시 덕양구 용두동 432-100,방문상담,월정료 할인 및 노후장비 교체 상담/고객 추후에 연락 주기로 함,경기,고양시,용두동,"37.6258084323085,126.897074303405",방문상담,,고양-G000302,2026-08-21 11:23:52
SP,고양,50666048.0,60807011.0,하이테크(구산동)(OCT),G000308,경기 고양시 일산구 구산동 1240-1,,,경기,고양시,구산동,"37.6786729501063,126.702969078454",,,,
SP,고양,51051618.0,61262358.0,임가네한우마을-풍동점(GiGAeyes guard),G000303,경기 고양시 일산구 풍동 573-9,,,경기,고양시,풍동,"37.6712833089316,126.79069000613",,,,
SP,고양,51051618.0,61262357.0,임가네한우마을-풍동점(GiGAeyes guard),G000303,경기 고양시 일산구 풍동 573-9,,,경기,고양시,풍동,"37.6712833089316,126.79069000613",,,,
SP,고양,52112114.0,63277117.0,디자인허브,G000307,경기 고양시 일산동구 백석동  1129-3 (백석동),,,경기,고양시,일산동,"37.6308761332244,126.792396205785",,,,
SP,고양,51868944.0,62794006.0,주식회사 우주상사,G000303,경기 고양시 일산동구 성석동 1035-83번지 2층,,,경기,고양시,일산동,"37.7085778782068,126.800322961451",,,,
SP,고양,51824790.0,62696866.0,고양시청,G000307,경기 고양시 일산동구 장항동 772,,,경기,고양시,일산동,"37.6608319544773,126.770863989509",,,,
SP,고양,51894871.0,62849453.0,주식회사 주니퍼글로벌 커뮤니티,G000308,경기 고양시 일산동구 중산동 1668-2번지 하이마트 1~3층,,,경기,고양시,일산동,"37.6824672349235,126.778458605532",,,,
SP,고양,51666138.0,62364821.0,오케이정형외과의원(GiGAeyes i-guard),G000303,경기 고양시 일산동구 풍동 1274번지 그린메디피아 2층 201호,,,경기,고양시,일산동,"37.667838191639,126.799851725279",,,,
SP,고양,51885629.0,62828993.0,몬스터개러지(OCT),G000303,경기 고양시 일산동구 풍동 562-33,,,경기,고양시,일산동,"37.6693037635098,126.790382504612",,,,
SP,고양,51290971.0,61590509.0,고양체육관부출입구지상주차장,G000308,경기 고양시 일산서구 대화동 2320번지,,,경기,고양시,대화동,"37.6755354567916,126.742717787801",,,,
SP,고양,50754900.0,60907493.0,자유로마트덕이점(OCT),G000308,경기 고양시 일산서구 덕이동 373-16번지,,,경기,고양시,덕이동,"37.6990158474217,126.75798957489",,,,
SP,고양,51884092.0,62826002.0,파주도시관광공사(GiGAeyes patrol),G000304,경기 파주시 금촌동 965-1 금촌로타리통일시장,,,경기,파주시,금촌동,"37.7581787133096,126.765934480606",,,,
SP,고양,50756279.0,60909202.0,서울주니어스치과(OCT),G000305,경기 파주시 목동동 933-1 신우빌딩2층,,,경기,파주시,목동동,"37.7286781701586,126.736396354514",,,,
SP,고양,51523521.0,62059225.0,DMZ생생누리(한국관광공사)(GiGAeyes i-guard premium),G000304,경기 파주시 문산읍 마정리  1360-50 평화누리 곤돌라 좌측건물,,,경기,파주시,문산읍,"37.8909615186675,126.739896782011",,,,
SP,고양,51489888.0,61988432.0,서쪽하늘,G000304,경기 파주시 문산읍내포리 821-5,,,경기,파주시,문산읍,"37.8459554786175,126.755139571952",,,,
SP,고양,51887511.0,62833228.0,다와농원(GiGAeyes guard),G000309,경기 파주시 적성면 어유지리 320,,,경기,파주시,적성면,"37.9914343064925,126.989592985581",,,,
SP,고양,51193559.0,61452602.0,올랜드아울렛물류센터_1동(OCT),G000309,경기 파주시 조리읍 뇌조리 459-1번지 (현 자산유리부지),,,경기,파주시,조리읍,"37.7653273536307,126.820598183657",,,,
SP,고양,51452093.0,61908460.0,올랜드아울렛-물류창고(CCTV판매),G000309,경기 파주시 조리읍 뇌조리 459-1번지 올랜드아울렛 물류창고,,,경기,파주시,조리읍,"37.7653273536307,126.820598183657",,,,
SP,고양,51673434.0,62380388.0,라임북(OCT),G000304,경기 파주시 파주읍 288 파주읍 파주리 288,,,경기,파주시,파주읍,"37.829099779475,126.797789529891",,,,
SP,고양,51673423.0,62380366.0,라임북창고(OCT),G000304,경기 파주시 파주읍 288 파주읍 파주리 288,,,경기,파주시,파주읍,"37.829099779475,126.797789529891",,,,
SP,고양,51134113.0,61367798.0,삼일강업(OCT),G000304,경기 파주시 파주읍 봉암리 63-35 삼일강업,,,경기,파주시,파주읍,"37.8156100662084,126.805506787125",,,,
SP,고양,51302945.0,61607310.0,(주)태림에프웰 제2공장,G000304,경기 파주시 파평면 금파리 533번지,,,경기,파주시,파평면,"37.9235606303088,126.843463036089",,,,
SP,강북,20488760.0,20488760.0,주하늘교회사무실(OCT),G000103,서울 강북구 미아1동 791-2127,,,서울,강북구,,"37.6214513474521,127.017399917689",,,,
SP,강북,50300674.0,60368909.0,클럽알앤비(CLUB R&B),G000103,서울 강북구 미아동 35-4 트레지오 빌딩 8층,,,서울,강북구,미아동,"37.612056641358,127.030715298309",,,,
SP,강북,50054539.0,60067146.0,엔젤리너스미아삼거리점(OCT),G000103,서울 강북구 미아동 55-58,,,서울,강북구,미아동,"37.6133652681365,127.030943151505",,,,
SP,강북,51530109.0,62073067.0,롯데시네마수유점-13층.14층,G000103,서울 강북구 번동 449-1 11층~14층,,,서울,강북구,번동,"37.6356972549967,127.023816640209",,,,
SP,강북,51528895.0,62070640.0,용신빌딩,G000102,서울 강북구 수유동 230-10,,,서울,강북구,수유동,"37.637146504658,127.024186224945",,,,
SP,강북,51676399.0,62387139.0,몸튼튼바른의원(GiGAeyes i-guard),G000102,서울 강북구 우이동 서울 강북구 삼양로 603 301호 401호,,,서울,강북구,우이동,"37.656880146804,127.013202272003",,,,
SP,강북,50575579.0,60701815.0,주식회사정성마트,G000105,서울 광진구 광장동 571-1번지,,,서울,광진구,광장동,"37.5410537034793,127.096451203438",,,,
SP,강북,51704555.0,62447969.0,레이크홈(GiGAeyes guard),G000105,서울 광진구 자양동 225-51번지,,,서울,광진구,자양동,"37.5391987708738,127.07659007477",,,,
SP,강북,51690754.0,62418064.0,건국대캠퍼스타운사업단,G000105,서울 광진구 자양동 2-3 더라움펜트하우스 3층 건국대캠퍼스타운,,,서울,광진구,자양동,"37.5385008002809,127.069392147697",,,,
SP,강북,51898782.0,62857771.0,(주)유신모자(OCT),G000105,서울 광진구 중곡3동 서울 광진구 동일로 420 (주)유신모자,,,서울,광진구,,"37.567593685864,127.078689415099",,,,
SP,강북,51009063.0,61205237.0,일원금속(OCT),G000101,서울 노원구 상계동 37-1번지,,,서울,노원구,상계동,"37.6731367024896,127.084183925254",,,,
SP,강북,50722185.0,60869992.0,더숲(OCT),G000101,서울 노원구 상계동 727-1(조광빌딩 지하1층),,,서울,노원구,상계동,"37.6541608577762,127.061439766113",,,,
SP,강북,20490347.0,20490347.0,노원문고-본점(OCT),G000101,서울 노원구 상계동 728-3번지 (602동상가 지하1층),,,서울,노원구,상계동,"37.652544084922,127.061535323104",,,,
SP,강북,10846898.0,10846898.0,동일로교회-4층목양실,G000101,서울 노원구 상계동 940,,,서울,노원구,상계동,"37.6710360691276,127.053453868349",,,,
SP,강북,51703120.0,62444768.0,판타스틱코인노래연습장(GiGAeyes guard),G000101,서울 노원구 중계동 364-20번지 그린코아 지하1층 판타스틱코인노래방,방문상담,월정료45%인하 3년 재계약/고객 할인 거부 할인 불가시  해지 ,서울,노원구,중계동,"37.6499890927151,127.077007283163",방문상담,,강북-G000101,2026-08-21 16:45:37
SP,강북,51340229.0,61676685.0,서울동천학교-방범,G000101,서울 노원구 하계동 288-1 서울동천학교,,,서울,노원구,하계동,"37.6446075819338,127.072058758551",,,,
SP,강북,50025138.0,60028906.0,서울문화고등학교(OCT),G000102,서울 도봉구 방학동 723번지(서울문화고등학교),,,서울,도봉구,방학동,"37.6634609088896,127.047080815625",,,,
SP,강북,51180824.0,61433915.0,점보타운오피스텔,G000102,서울 도봉구 창동 10번지 점보빌딩,,,서울,도봉구,창동,"37.6527826596167,127.049911855219",,,,
SP,강북,50087785.0,60107936.0,한양자동차정비(OCT),G000102,서울 도봉구 창동 748-1,,,서울,도봉구,창동,"37.6607265283588,127.043298413873",,,,
SP,강북,51159646.0,61402962.0,임팩트스퀘어(OCT),G000106,서울 성동구 성수동1가 685-54번지  12층,,,서울,성동구,성동,"37.5479048014067,127.043589191656",,,,
SP,강북,51854138.0,62761754.0,(주)한국생활건강(주차장외부)(GiGAeyes guard),G000106,서울 성동구 성수동2가 233-3 한국생활건강 1층,방문상담,내부사정으로 당장은 상담불가하나 재계약 의사 있음,서울,성동구,성동,"37.5366845287252,127.060088589682",방문상담,,강북-G000106,2026-08-21 16:46:47
SP,강북,51854161.0,62761811.0,한국생활건강3층(GiGAeyes guard),G000106,서울 성동구 성수동2가 233-3 한국생활건강 3층,방문상담,내부사정으로 당장은 상담불가하나 재계약 의사 있음,서울,성동구,성동,"37.5366845287252,127.060088589682",방문상담,,강북-G000106,2026-08-21 16:46:59
SP,강북,51854150.0,62761781.0,(주)한국생활건강 4층(GiGAeyes guard),G000106,서울 성동구 성수동2가 233-3 한국생활건강 4층,방문상담,내부사정으로 당장은 상담불가하나 재계약 의사 있음,서울,성동구,성동,"37.5366845287252,127.060088589682",방문상담,,강북-G000106,2026-08-21 16:47:02
SP,강북,51203250.0,61466479.0,바이오다인-확장,G000106,서울 성동구 성수동2가 289-283,,,서울,성동구,성동,"37.5475641767791,127.053161092272",,,,
SP,강북,51151467.0,61391775.0,쏘비트타워(OCT),G000106,서울 성동구 성수동2가 310-63,,,서울,성동구,성동,"37.5428639580216,127.053309268346",,,,
SP,강북,52050665.0,63179957.0,토리든(GiGAeyes guard),G000106,서울 성동구 성수동2가 321-48번지 건물,,,서울,성동구,성동,"37.5418296025192,127.05528621579",,,,
SP,강북,51493068.0,61995277.0,업타운 휘트니스 돌곶이점,G000107,서울 성북구 석관동 242-1번지4층,,,서울,성북구,석관동,"37.6108159782001,127.057666943425",,,,
SP,강북,51912015.0,62886012.0,망우본동마음건강상담소,G000104,서울 중랑구 망우동 207-6 2층 마음건강상담소(망우),,,서울,중랑구,망우동,"37.5999721112654,127.103983093918",,,,
SP,강북,50201487.0,60244065.0,건설하우징(OCT),G000104,서울 중랑구 면목동 1342-8호 2층,,,서울,중랑구,면목동,"37.5750833299029,127.088683501334",,,,
SP,강북,50320774.0,60393692.0,팔팔병원(OCT),G000104,서울 중랑구 면목동 180-1번지,,,서울,중랑구,면목동,"37.5908890972843,127.079708634131",,,,
SP,강북,51695471.0,62428580.0,중랑구립용마청소년독서실(GiGAeyes guard),G000104,서울 중랑구 면목동 50-17 중랑구립 용마청소년 독서실 중랑구립 용마청소년 독서실 (면목동) 4층,,,서울,중랑구,면목동,"37.5869777763113,127.09518562958",,,,
SP,강북,51348806.0,61693253.0,먹골바른신경외과(OCT),G000104,서울 중랑구 묵동 176-15 401호 405호,,,서울,중랑구,묵동,"37.6115733655727,127.078014161721",,,,
SP,강북,50723947.0,60872053.0,진스포츠(NVR가드),G000104,서울 중랑구 상봉동 128-88번지,,,서울,중랑구,상봉동,"37.5943960808054,127.079896150614",,,,
SP,강북,51896417.0,62852979.0,중랑구정신건강복지센터(GiGAeyes i-guard),G000104,서울 중랑구 신내동 665 5층 중랑구정신건강복지센터,,,서울,중랑구,신내동,"37.6062329473849,127.094172675306",,,,
SP,강북,20553750.0,20553750.0,묵동신협영업장(OCT),G000104,서울 중랑구 중화동 284-1번지 1층,,,서울,중랑구,중화동,"37.6040954556695,127.07931797841",,,,
SP,강릉,20481338.0,20481338.0,중부지방고용노동청강릉지청-1층-메인,P000101,강원 강릉시 남문동 175-3,,,강원,강릉시,남문동,"37.7489667981077,128.887606647164",,,,
SP,강릉,50492410.0,60607658.0,삼익비치맨션1,P000101,강원 강릉시 송정동 해안로107,,,강원,강릉시,송정동,"37.7786648159072,128.933189023705",,,,
SP,강릉,51463716.0,61934110.0,에스엘강릉(주)2(GiGAeyes guard),P000102,강원 강릉시 주문진읍 강원 강릉시 주문로 59  507호,방문상담,동일시설입니다 상담결과 내부적 검토중 검토후 회신받기로했습니다,강원,강릉시,주문진읍,"37.8892142453176,128.825436248442",방문상담,,강릉-P000102,2026-08-21 09:08:30
SP,강릉,51463708.0,61934092.0,에스엘강릉(주)1(GiGAeyes guard),P000102,강원 강릉시 주문진읍 강원 강릉시 주문로 59  507호  SL강릉호텔,방문상담,동일시설입니다 상담결과 내부적 검토중 검토후 회신받기로했습니다,강원,강릉시,주문진읍,"37.8892142453176,128.825436248442",방문상담,,강릉-P000102,2026-08-21 09:08:13
SP,강릉,51473447.0,61953806.0,강릉영동대학교-2층,P000101,강원 강릉시 홍제동 1009 강릉영동대학 강릉영동대학교,,,강원,강릉시,홍제동,"37.7465064824094,128.856365576956",,,,
SP,강릉,51481399.0,61970436.0,강릉영동대학교-영상CMS,P000101,강원 강릉시 홍제동 강원 강릉시 공제로 357 강릉영동대학,,,강원,강릉시,홍제동,"37.7474243086302,128.855013043061",,,,
SP,강릉,51051723.0,61262485.0,우성썬파워주식회사 (view-NVR),P000104,강원 동해시 이로동 785,,,강원,동해시,이로동,"37.4997004564109,129.054603052695",,,,
SP,강릉,50564119.0,60688940.0,묵호농협하나로마트-지하1층식당,P000104,강원 동해시 평릉동 동해대로5472,,,강원,동해시,평릉동,"37.5306844849205,129.10524488005",,,,
SP,강릉,51716293.0,62471265.0,삼척시동물보호센터(OCT),P000104,강원 삼척시 미로면 사둔리 사둔리 115,활동중,관공서 년단위 계약 진행시설 2026년초 계약완료,강원,삼척시,미로면,"37.4287293645619,129.110309298188",활동중,,강릉-P000104,2026-08-21 10:21:19
SP,강릉,51077119.0,61294476.0,속초시-반야노인요양원 (view-NVR),P000103,강원 속초시 노학동 455-16 반야요양원,,,강원,속초시,노학동,"38.1842663233217,128.559302161795",,,,
SP,강릉,51562213.0,62137816.0,글로벌심층수(GiGAeyes patrol),P000103,강원 속초시 대포동 535-2 글로벌심층수,,,강원,속초시,대포동,"38.1835938014118,128.602994249598",,,,
SP,강릉,51317131.0,61633745.0,글로벌심층수제2공장(GiGAeyes guard),P000103,강원 속초시 대포동 986-2 글로벌심층수 제2공장,,,강원,속초시,대포동,"38.1745457771977,128.600064332858",,,,
SP,강릉,50753315.0,60905709.0,마레몬스(OCT),P000103,강원 속초시 대포동 동해대로3705,,,강원,속초시,대포동,"38.1669211420955,128.606516643791",,,,
SP,강릉,51494641.0,61998623.0,더샵-속초(GiGAeyes guard),P000103,강원 속초시 영랑동 강원 속초시 장사항해안길 21,,,강원,속초시,영랑동,"38.2235254792982,128.589303322827",,,,
SP,강릉,20219794.0,20219794.0,속초청해학교(메인)23층,P000103,강원 속초시 장사동 405-5,,,강원,속초시,장사동,"38.2188561824994,128.560215655245",,,,
SP,강릉,50604531.0,60736388.0,팜파스리조트-속초 (kt view),P000103,강원 속초시 조양동 1401,,,강원,속초시,조양동,"38.1890989509855,128.600816793141",,,,
SP,강릉,51492733.0,61994481.0,기독교대한감리회-조양교회(GiGAeyes guard),P000103,강원 속초시 청호동 강원 속초시 동해대로 3910,,,강원,속초시,청호동,"38.1838438791106,128.602538197044",,,,
SP,강릉,51751078.0,62540143.0,대한불교조계종-낙산사(GiGAeyes patrol_self),P000103,강원 양양군 강현면 전진리 57-1 대한본교 조계종-낙산사(지농협),방문상담,"시청 승인득하고 진행대상, 재방문 예정",강원,양양군,강현면,"38.1264167541578,128.62852040205",방문상담,,관리자,2026-08-10 14:57:39
SP,강릉,51864403.0,62784306.0,양양군농업기술센터-식물원,P000103,강원 양양군 손양면 송현리 278 양양군농업기술센터 내,,,강원,양양군,손양면,"38.075433844751,128.633719239343",,,,
SP,강릉,51304642.0,61609923.0,사단법인한국교과서협회(GIGAeyes view),P000103,강원 양양군 현북면 중광정리 75-1 사)한국검인정교과서협회-양양연수원,,,강원,양양군,현북면,"38.0238193932948,128.712198114915",,,,
